City_ID,City,Lat,Lng,Max Temp,Humidity,Cloudiness,Wind Speed,Country,Date
0,tiksi,71.6872,128.8694,2.08,86,99,2.8,RU,2024-08-27 19:42:13
1,port saint john's,-31.6229,29.5448,21.18,57,0,8.51,ZA,2024-08-27 19:42:14
2,punta arenas,-53.15,-70.9167,8.06,61,75,9.77,CL,2024-08-27 19:37:34
3,wailua homesteads,22.0669,-159.378,27.44,74,75,5.66,US,2024-08-27 19:42:16
4,blackmans bay,-43.0167,147.3167,8.07,89,99,0.89,AU,2024-08-27 19:42:18
5,grytviken,-54.2811,-36.5092,3.25,83,87,4.61,GS,2024-08-27 19:42:19
6,whitehorse,60.7161,-135.0538,13.43,53,75,4.63,CA,2024-08-27 19:42:20
7,edinburgh of the seven seas,-37.0676,-12.3116,11.47,72,100,11.12,SH,2024-08-27 19:40:22
8,yellowknife,62.456,-114.3525,19.12,82,75,2.57,CA,2024-08-27 19:40:39
9,albany,42.6001,-73.9662,30.51,54,2,0.45,US,2024-08-27 19:38:46
10,margaret river,-33.95,115.0667,13.33,69,100,4.6,AU,2024-08-27 19:42:13
11,thompson,55.7435,-97.8558,19.09,39,40,1.54,CA,2024-08-27 19:38:27
12,vilyuysk,63.7553,121.6247,5.86,61,100,2.09,RU,2024-08-27 19:42:27
13,waitangi,-43.9535,-176.5597,12.12,98,100,4.02,NZ,2024-08-27 19:42:28
14,bredasdorp,-34.5322,20.0403,6.91,84,42,12.06,ZA,2024-08-27 19:40:35
15,puerto ayora,-0.7393,-90.3518,20.86,90,68,3.13,EC,2024-08-27 19:42:31
16,anadyr,64.75,177.4833,10.0,81,0,2.68,RU,2024-08-27 19:42:32
17,port elizabeth,-33.918,25.5701,13.16,95,75,13.89,ZA,2024-08-27 19:40:43
18,invercargill,-46.4,168.35,6.68,97,68,0.89,NZ,2024-08-27 19:37:35
19,adamstown,-25.066,-130.1015,19.52,70,100,7.74,PN,2024-08-27 19:42:36
20,namtsy,62.7161,129.6658,5.26,91,100,0.62,RU,2024-08-27 19:42:37
21,port mathurin,-19.6833,63.4167,21.14,66,99,13.36,MU,2024-08-27 19:42:38
22,longyearbyen,78.2186,15.6401,5.91,75,40,7.2,SJ,2024-08-27 19:42:39
23,newman,37.3138,-121.0208,33.92,12,0,1.14,US,2024-08-27 19:42:40
24,sao vicente,-23.9631,-46.3919,17.98,26,0,3.6,BR,2024-08-27 19:42:42
25,la ronge,55.1001,-105.2842,22.14,40,75,8.75,CA,2024-08-27 19:42:43
26,kangding,30.0513,101.9603,17.47,94,88,1.27,CN,2024-08-27 19:42:44
27,georgetown,5.4112,100.3354,24.97,93,40,2.68,MY,2024-08-27 19:42:45
28,vorgashor,67.5833,63.95,14.52,65,96,3.03,RU,2024-08-27 19:40:10
29,island harbour,50.724,-1.2758,17.77,72,14,0.45,GB,2024-08-27 19:42:48
30,eyl,7.9803,49.8164,25.74,78,56,10.71,SO,2024-08-27 19:42:49
31,yatou,37.15,122.3833,21.48,85,0,2.83,CN,2024-08-27 19:42:50
32,pionerskiy,54.9508,20.2275,12.91,68,7,2.96,RU,2024-08-27 19:41:36
33,kailua-kona,19.6406,-155.9956,27.38,85,40,3.6,US,2024-08-27 19:42:53
34,salinopolis,-0.6136,-47.3561,27.96,78,74,4.3,BR,2024-08-27 19:42:54
35,al bardiyah,31.7561,25.0865,26.77,64,0,2.72,LY,2024-08-27 19:42:55
36,dongola,19.1667,30.4833,32.23,52,42,2.66,SD,2024-08-27 19:40:38
37,edd,13.9297,41.6925,29.14,72,97,7.53,ER,2024-08-27 19:42:57
38,bubaque,11.2833,-15.8333,27.11,87,100,7.63,GW,2024-08-27 19:42:58
39,petropavlovsk-kamchatsky,53.0452,158.6483,10.33,100,75,1.0,RU,2024-08-27 19:39:43
40,stanley,54.868,-1.6985,16.01,88,40,3.6,GB,2024-08-27 19:42:16
41,ust-nera,64.5667,143.2,3.24,96,100,2.49,RU,2024-08-27 19:39:05
42,ghanzi,-21.5667,21.7833,20.97,15,0,3.46,BW,2024-08-27 19:43:03
43,lebu,-37.6167,-73.65,9.52,69,100,6.56,CL,2024-08-27 19:39:52
44,glace bay,46.1969,-59.957,25.64,62,75,3.58,CA,2024-08-27 19:43:06
45,kerikeri,-35.2268,173.9474,9.39,93,100,2.12,NZ,2024-08-27 19:43:07
46,monte patria,-30.6919,-70.9467,21.26,27,61,2.67,CL,2024-08-27 19:43:08
47,pocone,-16.2567,-56.6228,35.22,13,0,0.51,BR,2024-08-27 19:43:09
48,ribeira grande,38.5167,-28.7,25.22,65,20,5.14,PT,2024-08-27 19:39:31
49,savantvadi,15.9,73.8167,22.73,93,78,3.82,IN,2024-08-27 19:43:12
50,dukhan,25.4297,50.7858,34.24,60,2,3.41,QA,2024-08-27 19:43:13
51,encs,48.3333,21.1333,21.45,72,9,3.09,HU,2024-08-27 19:43:14
52,igarka,67.4667,86.5833,12.65,96,99,2.05,RU,2024-08-27 19:43:15
53,bilibino,68.0546,166.4372,3.65,88,100,2.22,RU,2024-08-27 19:43:16
54,al jawf,29.5,38.75,32.53,22,5,3.2,SA,2024-08-27 19:43:17
55,sao joao da barra,-21.6403,-41.0511,21.05,53,57,5.4,BR,2024-08-27 19:43:19
56,huarmey,-10.0681,-78.1522,19.96,75,27,4.58,PE,2024-08-27 19:43:20
57,puerto natales,-51.7236,-72.4875,11.25,43,40,7.72,CL,2024-08-27 19:40:18
58,remire-montjoly,4.9167,-52.2667,31.02,66,75,4.12,GF,2024-08-27 19:40:09
59,hammerfest,70.6634,23.6821,11.25,87,75,13.38,NO,2024-08-27 19:43:24
60,aasiaat,68.7098,-52.8699,2.31,98,100,3.99,GL,2024-08-27 19:43:25
61,olonkinbyen,70.9221,-8.7187,3.52,82,32,0.59,SJ,2024-08-27 19:42:06
62,faya-largeau,17.9257,19.1043,29.35,60,84,4.47,TD,2024-08-27 19:43:27
63,port-aux-francais,-49.35,70.2167,3.44,97,100,9.26,TF,2024-08-27 19:43:28
64,al battaliyah,25.4333,49.6333,37.23,34,3,3.0,SA,2024-08-27 19:43:30
65,amancio,20.8257,-77.5799,33.37,48,95,3.65,CU,2024-08-27 19:43:31
66,castillos,-34.1667,-53.8333,12.11,70,29,2.95,UY,2024-08-27 19:43:32
67,walvis bay,-22.9575,14.5053,14.23,78,0,8.9,NA,2024-08-27 19:43:33
68,hawaiian paradise park,19.5933,-154.9731,27.72,73,20,0.89,US,2024-08-27 19:39:58
69,papatowai,-46.5619,169.4708,8.16,91,80,2.8,NZ,2024-08-27 19:43:36
70,talnakh,69.4865,88.3972,13.24,96,100,1.27,RU,2024-08-27 19:43:37
71,lihue,21.9789,-159.3672,27.77,71,75,5.66,US,2024-08-27 19:36:10
72,hermanus,-34.4187,19.2345,6.56,68,97,16.79,ZA,2024-08-27 19:43:39
73,fale old settlement,-9.3852,-171.2468,27.81,75,9,4.89,TK,2024-08-27 19:43:40
74,tiznit,29.5833,-9.5,23.16,45,0,1.53,MA,2024-08-27 19:43:41
75,indramayu,-6.3264,108.32,24.8,67,100,3.7,ID,2024-08-27 19:43:03
76,udachny,66.4167,112.4,9.63,70,93,1.97,RU,2024-08-27 19:39:48
77,west island,-12.1568,96.8225,25.99,89,40,6.17,CC,2024-08-27 19:40:24
78,geraldton,-28.7667,114.6,14.23,100,44,4.63,AU,2024-08-27 19:43:46
79,mozarlandia,-14.7447,-50.5706,37.08,15,0,0.98,BR,2024-08-27 19:43:47
80,mahina,-17.5065,-149.489,24.87,65,75,1.54,PF,2024-08-27 19:43:49
81,arraial do cabo,-22.9661,-42.0278,20.92,56,0,2.06,BR,2024-08-27 19:43:50
82,bondo,3.8146,23.6866,21.89,96,100,1.65,CD,2024-08-27 19:43:51
83,codrington,-38.2667,141.9667,10.35,72,89,11.64,AU,2024-08-27 19:38:12
84,kalemie,-5.9475,29.1947,24.64,48,21,1.0,CD,2024-08-27 19:43:53
85,peace river,56.2501,-117.286,19.17,63,100,7.72,CA,2024-08-27 19:43:55
86,enewetak,11.3474,162.3373,28.71,81,85,8.56,MH,2024-08-27 19:43:56
87,katsuura,35.1333,140.3,26.4,87,67,5.23,JP,2024-08-27 19:43:57
88,uturoa,-16.7333,-151.4333,24.69,73,78,8.53,PF,2024-08-27 19:38:35
89,tura,25.5198,90.2201,23.86,96,27,1.7,IN,2024-08-27 19:43:59
90,luderitz,-26.6481,15.1594,13.91,78,0,7.4,NA,2024-08-27 19:44:01
91,guerrero negro,27.9769,-114.0611,26.79,52,5,6.14,MX,2024-08-27 19:41:56
92,sinabang,2.4803,96.3801,24.23,84,100,4.66,ID,2024-08-27 19:44:03
93,hinton,53.4001,-117.5857,8.98,95,100,3.6,CA,2024-08-27 19:42:20
94,klyuchi,52.2667,79.1667,15.13,68,74,0.75,RU,2024-08-27 19:44:05
95,tsiombe,-25.3,45.4833,20.1,72,0,1.64,MG,2024-08-27 19:44:07
96,ushuaia,-54.8,-68.3,7.81,49,40,5.14,AR,2024-08-27 19:43:13
97,bethel,41.3712,-73.414,30.02,55,20,2.57,US,2024-08-27 19:38:43
98,popondetta,-8.7537,148.2534,22.2,93,87,1.18,PG,2024-08-27 19:44:10
99,nova sintra,14.8667,-24.7167,27.5,76,100,3.02,CV,2024-08-27 19:44:11
100,gujar khan,33.2558,73.3026,24.79,79,67,2.32,PK,2024-08-27 19:44:08
101,kuta,-8.7233,115.1723,22.97,100,40,0.51,ID,2024-08-27 19:44:14
102,vadso,70.0744,29.7487,13.09,67,0,11.83,NO,2024-08-27 19:44:15
103,kavaratti,10.5669,72.642,27.45,83,96,5.23,IN,2024-08-27 19:39:41
104,long beach,33.767,-118.1892,26.75,72,0,4.63,US,2024-08-27 19:44:17
105,utrik,11.2278,169.8474,28.79,78,100,6.73,MH,2024-08-27 19:38:06
106,sitka,57.0531,-135.33,12.94,88,100,2.06,US,2024-08-27 19:44:07
107,hadibu,12.65,54.0333,26.61,81,95,7.01,YE,2024-08-27 19:44:21
108,mapimi,25.8167,-103.85,30.56,31,0,3.64,MX,2024-08-27 19:44:22
109,rakops,-21.0167,24.3333,21.41,15,0,2.18,BW,2024-08-27 19:44:23
110,iqaluit,63.7506,-68.5145,5.85,93,100,0.0,CA,2024-08-27 19:38:52
111,an nuhud,12.7,28.4333,22.07,91,100,5.86,SD,2024-08-27 19:44:26
112,prince rupert,54.3161,-130.3201,13.05,82,75,2.06,CA,2024-08-27 19:44:27
113,salahonda,2.1019,-78.7217,26.61,83,48,5.17,CO,2024-08-27 19:44:28
114,avarua,-21.2078,-159.775,24.03,88,75,6.69,CK,2024-08-27 19:44:29
115,frederico westphalen,-27.3592,-53.3944,15.94,71,100,0.64,BR,2024-08-27 19:40:06
116,qaqortoq,60.7167,-46.0333,5.43,81,100,1.4,GL,2024-08-27 19:38:32
117,ad dilam,23.9915,47.1627,36.1,14,47,3.9,SA,2024-08-27 19:44:33
118,new norfolk,-42.7826,147.0587,7.73,94,100,2.05,AU,2024-08-27 19:44:34
119,susuman,62.7833,148.1667,2.58,94,100,2.47,RU,2024-08-27 19:40:17
120,ilulissat,69.2167,-51.1,6.01,87,75,2.57,GL,2024-08-27 19:44:37
121,afif,23.9065,42.9172,33.17,18,76,3.76,SA,2024-08-27 19:44:38
122,waddan,29.1614,16.139,31.96,26,0,7.49,LY,2024-08-27 19:44:39
123,san antonio de pale,-1.4014,5.6325,23.57,81,69,5.6,GQ,2024-08-27 19:44:40
124,carnarvon,-24.8667,113.6333,18.19,77,0,5.39,AU,2024-08-27 19:39:07
125,pindushi,62.9152,34.58,13.9,88,50,3.28,RU,2024-08-27 19:44:43
126,afaahiti,-17.75,-149.2833,21.91,76,100,7.43,PF,2024-08-27 19:43:22
127,fortuna,40.5982,-124.1573,20.51,77,0,5.66,US,2024-08-27 19:44:45
128,dejen,10.1667,38.1333,12.14,90,100,2.34,ET,2024-08-27 19:44:46
129,nadym,65.5333,72.5167,13.66,81,21,3.51,RU,2024-08-27 19:44:47
130,tosontsengel,48.7567,98.2839,11.82,82,100,2.51,MN,2024-08-27 19:44:48
131,ridgecrest,35.6225,-117.6709,36.68,9,0,3.58,US,2024-08-27 19:44:50
132,piacabucu,-10.4056,-36.4344,23.89,81,34,4.62,BR,2024-08-27 19:44:51
133,mujiayingzi,42.1167,118.7833,14.81,69,0,2.5,CN,2024-08-27 19:44:52
134,acarau,-2.8856,-40.12,26.52,72,58,9.46,BR,2024-08-27 19:44:34
135,alofi,-19.0595,-169.9187,22.94,78,40,4.12,NU,2024-08-27 19:41:26
136,cabo san lucas,22.8909,-109.9124,32.17,53,20,5.66,MX,2024-08-27 19:40:02
137,phnom penh,11.5625,104.916,26.95,100,40,1.03,KH,2024-08-27 19:41:19
138,badger,64.8,-147.5333,16.66,56,75,4.63,US,2024-08-27 19:44:58
139,kenai,60.5544,-151.2583,14.03,67,100,2.57,US,2024-08-27 19:44:59
140,imzouren,35.1463,-3.8497,26.6,89,39,3.09,MA,2024-08-27 19:45:00
141,chimoio,-19.1164,33.4833,23.92,60,0,0.66,MZ,2024-08-27 19:45:02
142,mulayjah,27.271,48.4242,38.59,13,0,3.97,SA,2024-08-27 19:45:03
143,sao felix do xingu,-6.6447,-51.995,38.47,16,39,3.05,BR,2024-08-27 19:45:04
144,yayva,59.3303,57.2641,14.86,93,72,1.88,RU,2024-08-27 19:45:05
145,chui,-33.6971,-53.4616,12.87,74,54,2.95,UY,2024-08-27 19:45:06
146,laguna,38.421,-121.4238,33.95,31,0,3.6,US,2024-08-27 19:41:58
147,jamestown,42.097,-79.2353,31.12,50,0,5.66,US,2024-08-27 19:36:10
148,menaka,15.9182,2.4022,34.59,39,68,6.39,ML,2024-08-27 19:45:10
149,dhidhdhoo,6.8833,73.1,27.79,76,62,2.69,MV,2024-08-27 19:45:11
150,alo,6.5486,4.2686,24.36,92,28,3.41,NG,2024-08-27 19:45:13
151,edmundston,47.3737,-68.3251,29.3,53,40,5.14,CA,2024-08-27 19:45:14
152,andujar,38.0392,-4.0508,32.11,30,1,2.02,ES,2024-08-27 19:45:15
153,ambon,-3.6954,128.1814,25.49,95,40,1.54,ID,2024-08-27 19:45:16
154,vanino,49.0869,140.2543,13.67,95,5,1.2,RU,2024-08-27 19:45:17
155,sidney,-33.8679,151.2073,19.28,43,100,5.66,AU,2024-08-27 19:40:52
156,coahuayana de hidalgo,18.7,-103.6583,31.65,61,89,2.87,MX,2024-08-27 19:45:20
157,mount isa,-20.7333,139.5,11.87,66,0,0.0,AU,2024-08-27 19:45:21
158,concepcion chiquirichapa,14.85,-91.6167,17.75,94,100,0.57,GT,2024-08-27 19:45:22
159,keta,5.9179,0.9879,24.31,90,67,5.83,GH,2024-08-27 19:45:23
160,choix,26.7092,-108.3219,35.45,41,99,2.06,MX,2024-08-27 19:45:25
161,ouadda,8.0777,22.4007,21.11,92,100,1.19,CF,2024-08-27 19:45:26
162,bikenibeu village,1.3673,173.1241,27.98,83,40,3.6,KI,2024-08-27 19:45:27
163,severo-yeniseyskiy,60.3725,93.0408,10.95,100,99,1.06,RU,2024-08-27 19:45:28
164,papao,-17.75,-149.55,24.82,74,100,7.4,PF,2024-08-27 19:44:28
165,varadero,23.1536,-81.2514,30.42,73,98,4.58,CU,2024-08-27 19:45:31
166,ancud,-41.8697,-73.8203,8.82,67,100,1.82,CL,2024-08-27 19:34:27
167,siracusa,37.0881,15.2792,26.32,51,95,2.77,IT,2024-08-27 19:45:33
168,san mariano,7.5,126.0,22.52,94,66,1.52,PH,2024-08-27 19:45:34
169,nar'yan-mar,67.6713,53.087,14.64,66,94,6.33,RU,2024-08-27 19:45:35
170,tervel,43.75,27.4,20.42,64,89,3.24,BG,2024-08-27 19:45:37
171,san patricio,28.017,-97.5169,33.97,45,100,3.42,US,2024-08-27 19:45:38
172,baise city,23.8997,106.6133,27.97,99,2,1.05,CN,2024-08-27 19:45:39
173,tazacorte,28.629,-17.9293,23.42,89,75,5.66,ES,2024-08-27 19:45:40
174,shingu,33.7333,135.9833,24.72,93,69,1.49,JP,2024-08-27 19:45:42
175,darwin,-12.4611,130.8418,22.99,88,48,0.51,AU,2024-08-27 19:45:02
176,kupang,-10.1667,123.5833,25.32,88,11,2.57,ID,2024-08-27 19:45:44
177,dunbar,38.3606,-81.7374,36.61,36,20,1.54,US,2024-08-27 19:45:45
178,coquimbo,-29.9533,-71.3436,13.88,71,75,3.6,CL,2024-08-27 19:41:55
179,khandyga,62.6667,135.6,5.65,70,97,1.61,RU,2024-08-27 19:45:48
180,princeville,45.7668,-61.2985,24.83,63,75,5.14,CA,2024-08-27 19:45:49
181,sao jose da coroa grande,-8.8978,-35.1478,24.43,79,63,6.26,BR,2024-08-27 19:45:50
182,klaksvik,62.2266,-6.589,11.83,89,100,14.78,FO,2024-08-27 19:45:51
183,anastacio,-20.4836,-55.8069,30.83,20,1,1.51,BR,2024-08-27 19:45:52
184,tarauaca,-8.1614,-70.7656,35.47,24,0,0.31,BR,2024-08-27 19:45:54
185,hilo,19.7297,-155.09,27.84,74,20,2.24,US,2024-08-27 19:44:42
186,mirny,62.5353,113.9611,8.22,96,100,4.5,RU,2024-08-27 19:45:56
187,pyu,18.4833,96.4333,24.06,97,100,1.54,MM,2024-08-27 19:45:57
188,brisas de zicatela,15.8369,-97.0419,30.29,94,40,3.6,MX,2024-08-27 19:45:58
189,namibe,-15.1961,12.1522,18.03,82,82,1.41,AO,2024-08-27 19:46:00
190,turpan,42.9333,89.1667,33.56,23,48,1.96,CN,2024-08-27 19:46:01
191,camana,-16.6228,-72.7111,17.66,71,51,3.84,PE,2024-08-27 19:46:02
192,tofol,5.3248,163.0078,26.52,86,100,6.37,FM,2024-08-27 19:46:03
193,bodaybo,57.8506,114.1933,12.33,91,100,2.04,RU,2024-08-27 19:43:48
194,kununurra,-15.7667,128.7333,27.99,32,96,3.6,AU,2024-08-27 19:46:06
195,beau vallon,-20.4189,57.6953,21.13,64,75,6.69,MU,2024-08-27 19:46:07
196,queenstown,-31.8976,26.8753,16.51,25,0,12.74,ZA,2024-08-27 19:45:55
197,yarmouth,41.7057,-70.2286,26.18,74,0,4.12,US,2024-08-27 19:46:09
198,mega,4.05,38.3,18.16,68,72,5.53,ET,2024-08-27 19:46:10
199,starobaltachevo,56.0013,55.9213,14.53,82,0,2.1,RU,2024-08-27 19:46:12
200,mount gambier,-37.8333,140.7667,10.15,66,85,7.45,AU,2024-08-27 19:43:51
201,santa elena,-2.2333,-80.85,20.75,83,100,2.57,EC,2024-08-27 19:46:14
202,harper,4.375,-7.7169,24.1,88,100,5.59,LR,2024-08-27 19:46:15
203,tostado,-29.232,-61.7692,21.66,28,2,4.4,AR,2024-08-27 19:46:16
204,atafu village,-8.5421,-172.5159,27.64,75,52,4.56,TK,2024-08-27 19:46:18
205,ulladulla,-35.35,150.4667,19.14,38,99,3.06,AU,2024-08-27 19:46:19
206,saint-philippe,-21.3585,55.7679,20.38,80,66,8.2,RE,2024-08-27 19:43:24
207,dalby,-27.1833,151.2667,15.0,74,0,4.3,AU,2024-08-27 19:46:21
208,kirakira,-10.4544,161.9205,25.54,85,100,5.84,SB,2024-08-27 19:46:23
209,mejit,10.2753,170.8646,28.64,78,98,6.86,MH,2024-08-27 19:44:37
210,sisimiut,66.9395,-53.6735,7.54,78,98,3.07,GL,2024-08-27 19:46:25
211,mwene-ditu,-7.0,23.45,25.56,26,0,1.04,CD,2024-08-27 19:46:26
212,flin flon,54.7682,-101.865,19.91,49,40,6.17,CA,2024-08-27 19:44:08
213,twon-brass,4.3151,6.2418,25.68,88,79,6.01,NG,2024-08-27 19:46:29
214,dauphin,51.1494,-100.0502,20.08,56,0,3.6,CA,2024-08-27 19:46:30
215,lucea,18.451,-78.1736,30.92,80,98,2.1,JM,2024-08-27 19:46:31
216,gadzhiyevo,69.2551,33.3362,12.69,58,90,12.49,RU,2024-08-27 19:43:08
217,weno,7.4515,151.8468,25.97,94,75,0.0,FM,2024-08-27 19:46:33
218,yemetsk,63.4721,41.7941,15.04,70,100,3.22,RU,2024-08-27 19:46:35
219,vanimo,-2.6741,141.3028,25.14,91,100,1.8,PG,2024-08-27 19:46:36
220,chonchi,-42.6128,-73.8092,8.75,73,100,1.42,CL,2024-08-27 19:46:37
221,pyay,18.8167,95.2167,23.89,98,100,1.43,MM,2024-08-27 19:46:38
222,dolores hidalgo cuna de la independencia nacional,21.1561,-100.9308,26.58,35,0,3.66,MX,2024-08-27 19:42:47
223,yanam,16.7333,82.2167,26.22,85,100,1.63,IN,2024-08-27 19:46:41
224,east london,-33.0153,27.9116,17.45,70,0,7.56,ZA,2024-08-27 19:35:18
225,toliara,-23.35,43.6667,22.14,64,0,1.42,MG,2024-08-27 19:46:43
226,tarfaya,27.9358,-12.9218,20.91,90,4,6.23,MA,2024-08-27 19:46:44
227,coruripe,-10.1256,-36.1756,23.41,82,76,5.42,BR,2024-08-27 19:46:45
228,iskateley,67.6803,53.1512,14.68,66,93,6.27,RU,2024-08-27 19:46:46
229,narvik,68.4384,17.4272,12.43,96,100,5.92,NO,2024-08-27 19:45:19
230,ciudad melchor muzquiz,27.8833,-101.5167,33.6,37,25,3.85,MX,2024-08-27 19:45:20
231,nishinoomote,30.7333,131.0,27.64,88,100,18.2,JP,2024-08-27 19:46:50
232,swakopmund,-22.6833,14.5333,13.32,84,0,4.47,NA,2024-08-27 19:46:51
233,ivins,37.1686,-113.6794,33.42,15,0,1.34,US,2024-08-27 19:45:13
234,road town,18.4167,-64.6167,31.02,66,40,4.63,VG,2024-08-27 19:46:54
235,port lincoln,-34.7333,135.8667,12.98,62,0,9.89,AU,2024-08-27 19:44:48
236,sarangani,5.4033,125.4636,28.44,74,100,4.25,PH,2024-08-27 19:46:57
237,phan rang-thap cham,11.5667,108.9833,25.84,81,100,1.38,VN,2024-08-27 19:46:58
238,brech,47.7213,-2.9986,19.83,73,18,2.85,FR,2024-08-27 19:44:15
239,juwana,-6.715,111.1514,22.62,79,97,2.64,ID,2024-08-27 19:47:00
240,sao miguel do araguaia,-13.275,-50.1628,37.11,15,0,2.31,BR,2024-08-27 19:47:01
241,baykalovo,57.3981,63.7684,13.98,86,12,2.72,RU,2024-08-27 19:47:02
242,lospalos,-8.5186,127.0025,21.64,85,97,3.99,TL,2024-08-27 19:47:04
243,cockburn town,21.4612,-71.1419,28.75,75,12,5.91,TC,2024-08-27 19:47:05
244,ta`u,-14.2336,-169.5144,25.6,81,49,3.73,AS,2024-08-27 19:39:26
245,mount pearl,47.5166,-52.7813,20.25,71,100,1.79,CA,2024-08-27 19:45:30
246,selfoss,63.9331,-20.9971,12.8,78,100,3.7,IS,2024-08-27 19:46:16
247,guarapari,-20.6667,-40.4975,19.68,63,54,4.41,BR,2024-08-27 19:47:10
248,chingirlau,51.095,54.0814,17.82,55,0,3.26,KZ,2024-08-27 19:47:11
249,robore,-18.3333,-59.75,28.05,36,0,0.0,BO,2024-08-27 19:47:12
250,greenville,35.6127,-77.3663,33.01,50,0,2.57,US,2024-08-27 19:39:33
251,malax,62.9423,21.5731,12.77,87,0,2.06,FI,2024-08-27 19:47:14
252,zambezi,-13.5432,23.1047,19.09,20,5,2.08,ZM,2024-08-27 19:47:16
253,vila franca do campo,37.7167,-25.4333,24.23,71,73,2.82,PT,2024-08-27 19:47:17
254,taksimo,56.3444,114.8794,11.38,84,45,1.3,RU,2024-08-27 19:47:18
255,fada,7.25,4.0667,22.73,98,81,1.71,NG,2024-08-27 19:47:19
256,dryden,49.7833,-92.7503,17.16,63,100,4.63,CA,2024-08-27 19:45:27
257,fort bragg,35.139,-79.006,34.9,41,0,2.06,US,2024-08-27 19:39:10
258,creston,41.0586,-94.3614,32.98,49,20,5.14,US,2024-08-27 19:47:23
259,kyshtovka,56.555,76.6271,12.02,88,100,1.56,RU,2024-08-27 19:47:24
260,port shepstone,-30.7414,30.455,23.39,34,0,2.89,ZA,2024-08-27 19:47:25
261,urumqi,43.801,87.6005,18.53,83,0,3.0,CN,2024-08-27 19:47:26
262,teknaf,20.8624,92.3058,25.76,92,99,3.59,BD,2024-08-27 19:47:28
263,ola,59.5833,151.2833,10.87,94,100,0.94,RU,2024-08-27 19:47:29
264,haiku-pauwela,20.9219,-156.3051,27.36,73,40,9.26,US,2024-08-27 19:47:30
265,keflavik,64.0049,-22.5624,11.24,82,0,3.6,IS,2024-08-27 19:47:31
266,kiama,-34.6833,150.8667,22.43,38,99,0.89,AU,2024-08-27 19:47:33
267,blenheim,-41.516,173.9528,9.18,92,97,2.46,NZ,2024-08-27 19:47:34
268,ghat,24.9647,10.1728,34.0,16,5,3.49,LY,2024-08-27 19:44:24
269,harstad,68.799,16.5293,10.64,93,87,7.15,NO,2024-08-27 19:47:36
270,kruisfontein,-34.0033,24.7314,10.46,80,99,14.46,ZA,2024-08-27 19:38:33
271,atherton,53.5237,-2.4935,16.79,91,100,2.26,GB,2024-08-27 19:47:39
272,skagen,57.7209,10.5839,17.29,84,82,5.82,DK,2024-08-27 19:47:40
273,koz'modem'yansk,56.3367,46.5711,18.89,73,3,2.22,RU,2024-08-27 19:47:41
274,golfito,8.639,-83.166,26.87,75,60,1.81,CR,2024-08-27 19:47:42
275,souillac,-20.5167,57.5167,21.21,64,75,6.69,MU,2024-08-27 19:47:43
276,aitape,-3.1374,142.3475,25.19,91,100,2.68,PG,2024-08-27 19:47:45
277,lazaro cardenas,17.9583,-102.2,30.76,65,19,4.63,MX,2024-08-27 19:47:46
278,port blair,11.6667,92.75,25.02,94,100,6.17,IN,2024-08-27 19:47:47
279,thohoyandou,-22.9456,30.485,22.94,19,0,2.9,ZA,2024-08-27 19:47:48
280,saipan,15.1355,145.701,28.39,89,0,2.06,MP,2024-08-27 19:39:39
281,maun,-19.9833,23.4167,22.98,21,0,1.54,BW,2024-08-27 19:47:51
282,isafjordur,66.0755,-23.124,6.94,82,58,2.57,IS,2024-08-27 19:39:24
283,bodo,67.28,14.405,11.54,80,20,8.23,NO,2024-08-27 19:47:53
284,myitkyina,25.3833,97.4,24.57,98,100,0.07,MM,2024-08-27 19:47:54
285,bamboo flat,11.7,92.7167,25.05,94,100,6.17,IN,2024-08-27 19:45:37
286,flying fish cove,-10.4217,105.6791,24.82,78,40,5.66,CX,2024-08-27 19:47:25
287,shar,49.5886,81.0453,14.23,60,17,2.88,KZ,2024-08-27 19:47:58
288,kisoro,-1.2854,29.685,17.72,73,100,1.1,UG,2024-08-27 19:47:59
289,bel ombre,-4.6167,55.4167,25.91,89,75,7.72,SC,2024-08-27 19:48:00
290,bako,5.7833,36.5667,19.9,68,69,1.68,ET,2024-08-27 19:48:01
291,dumai,1.6833,101.45,21.85,95,100,1.76,ID,2024-08-27 19:48:03
292,touros,-5.1989,-35.4608,25.46,74,39,7.45,BR,2024-08-27 19:46:27
293,matoury,4.8483,-52.3317,30.98,66,75,4.12,GF,2024-08-27 19:48:05
294,padre paraiso,-17.0742,-41.4844,16.73,86,100,1.7,BR,2024-08-27 19:48:06
295,hami,42.8,93.45,29.89,20,99,3.19,CN,2024-08-27 19:48:07
296,st. john's,47.5649,-52.7093,20.71,72,100,1.54,CA,2024-08-27 19:45:18
297,dawson creek,55.7666,-120.2362,15.8,63,100,8.23,CA,2024-08-27 19:48:10
298,egilsstadir,65.2653,-14.3948,7.95,93,100,5.14,IS,2024-08-27 19:48:11
299,colonia,50.9333,6.95,22.2,63,0,2.57,DE,2024-08-27 19:48:12
300,bartica,6.4,-58.6167,27.67,80,100,1.12,GY,2024-08-27 19:48:13
301,boma,11.7117,4.2472,25.92,82,84,2.39,NG,2024-08-27 19:48:15
302,kalabo,-14.97,22.6814,19.57,14,5,1.33,ZM,2024-08-27 19:48:16
303,anloga,5.7947,0.8973,24.08,92,62,5.85,GH,2024-08-27 19:48:17
304,choyr,46.3611,108.3611,16.55,85,0,2.78,MN,2024-08-27 19:48:18
305,fredericksburg,38.3032,-77.4605,34.45,51,0,3.09,US,2024-08-27 19:46:59
306,tadine,-21.55,167.8833,20.23,68,28,4.54,NC,2024-08-27 19:48:21
307,fisterra,42.9049,-9.2629,18.7,82,1,4.47,ES,2024-08-27 19:48:22
308,bentiu,9.2333,29.8333,21.81,91,94,0.78,SS,2024-08-27 19:48:23
309,el fahs,36.3742,9.9065,26.2,51,39,2.65,TN,2024-08-27 19:48:24
310,whakatane,-37.9585,176.9854,13.62,99,99,4.29,NZ,2024-08-27 19:48:26
311,kodiak,57.79,-152.4072,13.73,72,75,6.69,US,2024-08-27 19:48:27
312,igrim,63.1906,64.4162,15.24,95,18,2.15,RU,2024-08-27 19:48:28
313,minas de marcona,-15.2119,-75.1103,18.6,50,51,5.75,PE,2024-08-27 19:48:29
314,birzebbuga,35.8258,14.5269,28.38,83,20,3.6,MT,2024-08-27 19:48:30
315,rajaori,33.3833,74.3,21.91,66,97,1.16,IN,2024-08-27 19:48:32
316,happy valley-goose bay,53.3168,-60.3315,30.17,30,75,9.26,CA,2024-08-27 19:48:33
317,meskiana,35.6306,7.6661,25.77,43,55,4.07,DZ,2024-08-27 19:48:34
318,la punta,-33.1837,-66.3127,19.74,22,5,2.71,AR,2024-08-27 19:48:35
319,xucheng,20.35,110.1288,27.0,87,71,1.27,CN,2024-08-27 19:48:36
320,kitami,43.8031,143.8908,17.92,99,100,0.39,JP,2024-08-27 19:48:38
321,bayanhongor,46.7167,100.1167,11.43,47,23,1.3,MN,2024-08-27 19:48:39
322,kristiansund,63.1115,7.732,13.96,82,75,3.09,NO,2024-08-27 19:48:40
323,takoradi,4.8845,-1.7554,23.64,93,100,3.74,GH,2024-08-27 19:48:41
324,bredy,52.4153,60.3411,13.32,78,0,2.77,RU,2024-08-27 19:48:42
325,nadi,-17.8,177.4167,19.0,82,20,1.03,FJ,2024-08-27 19:48:44
326,kandi,11.1342,2.9386,24.22,88,100,2.18,BJ,2024-08-27 19:48:45
327,capanema,-1.1958,-47.1808,26.93,86,100,2.56,BR,2024-08-27 19:48:46
328,francistown,-21.17,27.5079,21.76,17,0,2.39,BW,2024-08-27 19:48:47
329,hamilton,39.1834,-84.5333,37.1,38,0,4.12,US,2024-08-27 19:48:39
330,akureyri,65.6835,-18.0878,11.96,66,75,3.6,IS,2024-08-27 19:48:49
331,new plymouth,-39.0667,174.0833,10.17,100,86,9.19,NZ,2024-08-27 19:48:51
332,forio,40.7342,13.8646,25.79,75,98,4.47,IT,2024-08-27 19:48:52
333,bonthe,7.5264,-12.505,25.77,90,100,4.25,SL,2024-08-27 19:48:53
334,el calafate,-50.3408,-72.2768,4.09,66,25,1.07,AR,2024-08-27 19:48:54
335,sumbe,-11.2061,13.8437,20.38,88,11,2.4,AO,2024-08-27 19:48:55
336,vilyuchinsk,52.9306,158.4028,12.15,88,100,0.98,RU,2024-08-27 19:48:57
337,zvishavane,-20.3267,30.0665,20.57,13,0,0.66,ZW,2024-08-27 19:48:58
338,ruteng,-8.6136,120.4721,15.65,95,100,0.88,ID,2024-08-27 19:48:59
339,brejinho,-6.1908,-35.3567,25.33,66,56,7.43,BR,2024-08-27 19:49:00
340,salym,60.0625,71.4789,16.08,77,100,1.94,RU,2024-08-27 19:49:02
341,kenmore,47.7573,-122.244,18.73,73,100,3.09,US,2024-08-27 19:49:03
342,tarko-sale,64.9225,77.785,14.5,87,100,3.29,RU,2024-08-27 19:49:04
343,la passe,45.5549,-0.8967,20.77,62,43,4.02,FR,2024-08-27 19:49:05
344,college,64.8569,-147.8028,16.36,58,75,4.63,US,2024-08-27 19:49:07
345,madalena,41.2162,-8.3345,19.19,82,9,1.42,PT,2024-08-27 19:49:08
346,fort mcmurray,56.7268,-111.381,23.73,46,75,7.2,CA,2024-08-27 19:49:09
347,holmsund,63.706,20.3641,12.75,76,0,2.24,SE,2024-08-27 19:49:11
348,sechura,-5.5569,-80.8222,24.27,61,22,6.1,PE,2024-08-27 19:49:12
349,taulaga,-11.0553,-171.0883,27.1,76,9,3.76,AS,2024-08-27 19:49:13
350,bath,51.3779,-2.3591,19.79,73,99,2.83,GB,2024-08-27 19:49:14
351,maumere,-8.6199,122.2111,25.03,82,81,2.97,ID,2024-08-27 19:49:15
352,taltal,-25.4,-70.4833,16.25,68,29,1.91,CL,2024-08-27 19:40:20
353,izhmorskiy,56.194,86.6414,9.53,98,91,2.75,RU,2024-08-27 19:49:18
354,mezhdurechenskiy,59.6,65.9333,13.96,87,12,2.39,RU,2024-08-27 19:49:19
355,puttalam,8.0362,79.8283,27.51,81,100,7.4,LK,2024-08-27 19:49:20
356,bethanie,-26.4833,17.15,12.37,55,0,3.79,NA,2024-08-27 19:49:21
357,salalah,17.0151,54.0924,26.05,94,100,1.03,OM,2024-08-27 19:46:33
358,villanueva,15.3167,-88.0,32.55,58,40,5.14,HN,2024-08-27 19:49:24
359,caconda,-13.7333,15.0667,18.99,14,3,0.91,AO,2024-08-27 19:49:25
360,carauari,-4.8828,-66.8958,37.75,22,0,0.78,BR,2024-08-27 19:49:26
361,vila velha,-20.3297,-40.2925,20.97,73,100,4.63,BR,2024-08-27 19:49:27
362,aykhal,66.0,111.5,8.7,70,90,2.24,RU,2024-08-27 19:49:28
363,leeton,-34.5667,146.4,15.61,33,100,7.9,AU,2024-08-27 19:49:30
364,tazovsky,67.4667,78.7,11.5,88,100,3.32,RU,2024-08-27 19:49:31
365,christchurch,-43.5333,172.6333,7.45,87,14,0.51,NZ,2024-08-27 19:44:07
366,mont-dore,-22.2833,166.5833,18.43,81,7,2.62,NC,2024-08-27 19:49:33
367,prado,-17.3411,-39.2208,22.35,82,95,6.78,BR,2024-08-27 19:49:34
368,labytnangi,66.6572,66.4183,15.16,66,68,2.61,RU,2024-08-27 19:49:35
369,port alfred,-33.5906,26.891,15.1,82,4,2.68,ZA,2024-08-27 19:49:37
370,samassi,39.4817,8.9092,25.74,65,40,5.14,IT,2024-08-27 19:49:38
371,arkhangel'sk,64.5401,40.5433,15.06,82,0,3.0,RU,2024-08-27 19:49:39
372,belyy yar,53.6039,91.3903,13.94,88,0,0.0,RU,2024-08-27 19:49:40
373,kourou,5.1552,-52.6478,25.72,88,98,2.87,GF,2024-08-27 19:49:41
374,sfax,34.7406,10.7603,29.08,65,0,4.63,TN,2024-08-27 19:49:43
375,az zawr,29.4425,48.2747,39.45,41,0,7.48,KW,2024-08-27 19:49:44
376,loukhi,66.0764,33.0381,12.08,63,1,5.69,RU,2024-08-27 19:49:45
377,tamanrasset,22.785,5.5228,30.95,23,40,5.14,DZ,2024-08-27 19:49:46
378,chasong,41.4608,126.6414,12.35,97,5,1.07,KP,2024-08-27 19:49:47
379,alice town,25.7167,-79.3,29.13,76,19,6.51,BS,2024-08-27 19:49:49
380,cam ranh,11.9214,109.1591,26.98,78,20,4.12,VN,2024-08-27 19:49:50
381,kapa'a,22.0752,-159.319,28.18,70,75,5.66,US,2024-08-27 19:49:51
382,yerofey pavlovich,53.9667,121.9667,13.66,97,100,1.05,RU,2024-08-27 19:49:52
383,punta umbria,37.1821,-6.9661,26.8,71,47,4.16,ES,2024-08-27 19:49:53
384,inderbor,48.55,51.7833,22.95,34,0,5.18,KZ,2024-08-27 19:49:54
385,mili,6.0815,171.735,28.84,75,72,6.88,MH,2024-08-27 19:49:56
386,stjordalshalsen,63.4681,10.9262,12.18,74,100,1.9,NO,2024-08-27 19:49:57
387,kidal,18.4411,1.4078,35.7,36,100,8.75,ML,2024-08-27 19:48:42
388,nuuk,64.1835,-51.7216,8.34,71,100,2.57,GL,2024-08-27 19:49:59
389,kalmunai,7.4167,81.8167,28.21,70,100,2.11,LK,2024-08-27 19:50:00
390,kilindoni,-7.9139,39.6668,25.12,83,2,4.31,TZ,2024-08-27 19:50:02
391,iquitos,-3.7481,-73.2472,27.02,69,75,1.54,PE,2024-08-27 19:50:03
392,barcelos,41.5388,-8.6151,15.49,89,29,1.81,PT,2024-08-27 19:50:04
393,shengli,37.4564,118.4856,21.32,88,2,2.66,CN,2024-08-27 19:50:05
394,qom,34.6401,50.8764,32.38,19,0,3.87,IR,2024-08-27 19:50:06
395,nyurba,63.2842,118.3319,7.99,82,100,1.75,RU,2024-08-27 19:50:07
396,rodolfo sanchez taboada,31.7167,-116.5667,24.5,54,16,1.79,MX,2024-08-27 19:50:09
397,carbonear,47.7332,-53.2148,21.24,71,39,1.44,CA,2024-08-27 19:50:10
398,usogorsk,63.4106,48.6872,13.85,67,100,2.29,RU,2024-08-27 19:50:11
399,saint-joseph,-21.3667,55.6167,19.21,77,53,7.33,RE,2024-08-27 19:50:12
400,naze,28.3667,129.4833,25.51,88,100,18.82,JP,2024-08-27 19:50:13
401,mwinilunga,-11.7358,24.4293,17.82,29,0,0.79,ZM,2024-08-27 19:50:15
402,crane,31.3974,-102.3501,32.33,30,71,4.1,US,2024-08-27 19:50:16
403,pariaman,-0.619,100.12,23.03,86,100,3.27,ID,2024-08-27 19:50:17
404,port hedland,-20.3167,118.5667,19.03,59,41,3.6,AU,2024-08-27 19:47:32
405,portland,45.5234,-122.6762,22.74,47,75,3.6,US,2024-08-27 19:47:00
406,korla,41.7597,86.1469,30.1,25,97,1.85,CN,2024-08-27 19:50:21
407,parintins,-2.6283,-56.7358,39.93,18,61,0.67,BR,2024-08-27 19:50:22
408,middelburg,-25.7751,29.4648,18.29,17,0,3.11,ZA,2024-08-27 19:49:03
409,bermeo,43.4209,-2.7215,22.55,88,3,4.65,ES,2024-08-27 19:50:24
410,panjab,34.388,67.0233,9.0,38,0,2.45,AF,2024-08-27 19:50:26
411,babylon,40.6957,-73.3257,28.77,66,0,5.66,US,2024-08-27 19:50:17
412,caleta de carquin,-11.0925,-77.6267,18.81,75,60,4.54,PE,2024-08-27 19:50:28
413,karratha,-20.7377,116.8463,23.88,24,18,4.32,AU,2024-08-27 19:50:29
414,quang ngai,15.1167,108.8,23.6,90,99,2.38,VN,2024-08-27 19:50:30
415,lerwick,60.1545,-1.1494,12.87,92,97,7.91,GB,2024-08-27 19:50:32
416,viedma,-40.8135,-62.9967,12.53,28,0,4.88,AR,2024-08-27 19:45:22
417,westport,41.1415,-73.3579,30.09,60,0,3.09,US,2024-08-27 19:50:34
418,hithadhoo,-0.6,73.0833,28.42,77,52,4.6,MV,2024-08-27 19:50:35
419,port-vila,-17.7338,168.3219,15.78,100,20,0.51,VU,2024-08-27 19:50:37
420,paka,4.6374,103.4368,25.96,78,100,4.12,MY,2024-08-27 19:50:38
421,djambala,-2.5447,14.7533,26.57,31,5,0.69,CG,2024-08-27 19:50:40
422,greymouth,-42.4667,171.2,7.57,93,26,1.18,NZ,2024-08-27 19:50:42
423,pangoa,-12.1167,-73.0,30.53,39,52,2.42,PE,2024-08-27 19:50:24
424,lodja,-3.4833,23.4333,25.33,44,2,0.98,CD,2024-08-27 19:50:44
425,floro,61.5996,5.0328,14.98,88,100,11.83,NO,2024-08-27 19:50:45
426,anaconda,46.1285,-112.9423,26.67,16,43,7.24,US,2024-08-27 19:50:46
427,krapivinskiy,54.9992,86.8133,11.22,96,70,1.49,RU,2024-08-27 19:50:48
428,the pas,53.8251,-101.2541,20.01,42,0,8.75,CA,2024-08-27 19:50:49
429,bereket,39.2446,55.5154,30.1,16,7,3.95,TM,2024-08-27 19:50:50
430,athni,16.7333,75.0667,22.77,83,99,6.92,IN,2024-08-27 19:50:51
431,shanhaiguan,39.9988,119.7564,19.91,79,50,2.18,CN,2024-08-27 19:50:52
432,taichung,24.1469,120.6839,27.84,83,4,0.45,TW,2024-08-27 19:50:53
433,betio village,1.358,172.9211,28.02,72,12,7.13,KI,2024-08-27 19:50:55
434,montepuez,-13.1256,38.9997,21.51,79,57,2.62,MZ,2024-08-27 19:50:56
435,zalesovo,53.9939,84.7431,10.42,93,10,0.72,RU,2024-08-27 19:50:57
436,lodwar,3.1191,35.5973,31.99,33,0,5.43,KE,2024-08-27 19:50:58
437,hasaki,35.7333,140.8333,26.78,82,11,6.02,JP,2024-08-27 19:50:59
438,raduzhny,62.0961,77.475,16.35,68,90,2.1,RU,2024-08-27 19:51:01
439,tashtyp,52.7939,89.8983,11.93,90,100,1.93,RU,2024-08-27 19:51:02
440,malpica,43.3228,-8.8105,17.91,100,0,0.15,ES,2024-08-27 19:51:03
441,potosi,-19.5836,-65.7531,18.48,26,40,7.72,BO,2024-08-27 19:51:04
442,balqash,46.8481,74.995,20.01,40,3,6.13,KZ,2024-08-27 19:51:05
443,alotau,-10.3069,150.4462,21.72,94,37,1.45,PG,2024-08-27 19:51:07
444,lompoc,34.6391,-120.4579,22.51,63,0,2.57,US,2024-08-27 19:50:47
445,nizhnesortymskiy,62.4397,71.7603,16.93,72,98,2.61,RU,2024-08-27 19:51:09
446,san pedro pochutla,15.7333,-96.4667,32.62,49,51,3.94,MX,2024-08-27 19:51:10
447,ash shafa,21.0694,40.3119,18.84,56,16,0.86,SA,2024-08-27 19:51:11
448,yeppoon,-23.1333,150.7333,18.5,91,2,2.98,AU,2024-08-27 19:51:12
449,laojunmiao,39.8333,97.7333,19.08,59,11,1.25,CN,2024-08-27 19:51:14
450,peniche,39.3558,-9.3811,16.98,89,7,5.35,PT,2024-08-27 19:51:15
451,pacific grove,36.6177,-121.9166,25.82,80,0,3.13,US,2024-08-27 19:51:16
452,inhambane,-23.865,35.3833,22.99,94,20,5.81,MZ,2024-08-27 19:51:17
453,brookings,44.3114,-96.7984,25.0,67,75,2.57,US,2024-08-27 19:51:18
454,nevel'sk,46.6733,141.8633,17.23,97,100,2.72,RU,2024-08-27 19:51:20
455,midvagur,62.0511,-7.1939,11.46,100,100,6.17,FO,2024-08-27 19:47:26
456,norilsk,69.3535,88.2027,13.42,96,100,1.29,RU,2024-08-27 19:51:22
457,saint-francois,46.4154,3.9054,20.69,71,0,1.54,FR,2024-08-27 19:51:23
458,port augusta,-32.5,137.7667,11.85,87,0,1.82,AU,2024-08-27 19:51:24
459,rakaw,53.9674,27.0562,18.63,82,8,4.73,BY,2024-08-27 19:51:26
460,severomorsk,69.0689,33.4162,12.77,58,70,10.33,RU,2024-08-27 19:51:27
461,san sebastian de la gomera,28.0916,-17.1133,25.2,78,0,2.57,ES,2024-08-27 19:51:28
462,quemado de guines,22.7853,-80.2536,33.75,49,69,4.71,CU,2024-08-27 19:51:29
463,san julian,21.0167,-102.1667,24.52,45,52,0.76,MX,2024-08-27 19:49:45
464,sayansk,54.1088,102.1648,10.87,76,55,0.45,RU,2024-08-27 19:51:32
465,rong'an,26.1247,119.1214,25.81,95,100,1.18,CN,2024-08-27 19:51:33
466,swift current,50.2834,-107.8014,27.45,32,0,12.35,CA,2024-08-27 19:51:34
467,praia da vitoria,38.7333,-27.0667,25.14,65,20,3.7,PT,2024-08-27 19:51:35
468,constantia,44.1833,28.65,22.61,59,82,0.71,RO,2024-08-27 19:48:09
469,general conesa,-40.1,-64.4333,14.33,20,7,1.43,AR,2024-08-27 19:51:37
470,puerto deseado,-47.7503,-65.8938,9.66,38,0,4.77,AR,2024-08-27 19:51:39
471,mil'kovo,55.6078,37.7956,23.68,54,52,2.5,RU,2024-08-27 19:51:40
472,sittwe,20.15,92.9,26.2,88,100,3.84,MM,2024-08-27 19:51:41
473,sodra sandby,56.5667,16.6167,17.72,78,70,3.13,SE,2024-08-27 19:51:42
474,nuku'alofa,-21.1333,-175.2,16.19,100,20,0.0,TO,2024-08-27 19:51:44
475,olyokminsk,60.3736,120.4264,11.44,98,100,0.82,RU,2024-08-27 19:51:45
476,togur,58.3631,82.8265,12.92,95,100,2.96,RU,2024-08-27 19:51:46
477,acton vale,45.6501,-72.5658,27.16,75,100,4.37,CA,2024-08-27 19:51:47
478,arawa,-6.2132,155.5367,24.62,91,78,1.99,PG,2024-08-27 19:49:53
479,malakal,9.5334,31.6605,20.95,91,100,1.2,SS,2024-08-27 19:51:50
480,la sarre,48.8002,-79.1996,14.23,94,100,4.87,CA,2024-08-27 19:51:51
481,kalampaka,39.7044,21.6269,23.77,44,15,1.13,GR,2024-08-27 19:51:52
482,qujing,25.4833,103.7833,15.3,96,0,0.7,CN,2024-08-27 19:51:26
483,trincomalee,8.5711,81.2335,27.59,75,100,8.25,LK,2024-08-27 19:51:54
484,lagunas,-5.2269,-75.6753,33.86,34,17,1.34,PE,2024-08-27 19:51:56
485,dombarovskiy,50.7587,59.5386,15.49,62,0,3.53,RU,2024-08-27 19:51:57
486,quirinopolis,-18.4483,-50.4517,30.54,22,0,2.69,BR,2024-08-27 19:47:08
487,dudinka,69.4058,86.1778,12.47,91,97,1.04,RU,2024-08-27 19:51:59
488,cochrane,51.1834,-114.4687,25.51,38,100,8.27,CA,2024-08-27 19:49:36
489,obudu,6.6674,9.1716,23.65,95,100,1.73,NG,2024-08-27 19:52:01
490,nova vicosa,-17.8919,-39.3719,22.48,76,100,6.85,BR,2024-08-27 19:52:03
491,fethiye,36.6217,29.1164,24.13,80,0,1.83,TR,2024-08-27 19:52:04
492,rehoboth,-23.3167,17.0833,16.49,9,0,3.28,NA,2024-08-27 19:52:05
493,rouached,36.4577,6.0427,25.5,53,20,0.96,DZ,2024-08-27 19:52:06
494,lata,40.1629,-8.3327,13.71,85,3,1.3,PT,2024-08-27 19:52:07
495,canutillo,31.9115,-106.6003,29.39,49,20,1.79,US,2024-08-27 19:52:09
496,ashkasham,36.6833,71.5333,12.37,38,0,1.71,AF,2024-08-27 19:52:10
497,mendoza,-32.8908,-68.8272,17.74,29,0,2.57,AR,2024-08-27 19:48:01
498,kewanee,41.2456,-89.9248,34.41,47,4,2.46,US,2024-08-27 19:52:12
499,tual,-5.6667,132.75,25.6,81,100,10.35,ID,2024-08-27 19:52:13
500,perry,37.2506,-83.1999,33.81,33,0,1.62,US,2024-08-27 19:50:29
501,bardai,11.65,7.2333,22.21,92,100,3.8,NG,2024-08-27 19:52:16
502,kapuskasing,49.4169,-82.4331,19.05,59,100,4.63,CA,2024-08-27 19:52:17
503,nemuro,43.3236,145.575,17.59,99,100,3.71,JP,2024-08-27 19:52:18
504,datong,40.0936,113.2914,17.16,66,20,1.11,CN,2024-08-27 19:52:20
505,beyneu,45.3167,55.2,25.16,44,0,3.51,KZ,2024-08-27 19:52:21
506,beledweyne,4.7358,45.2036,27.91,63,8,10.14,SO,2024-08-27 19:52:22
507,port isabel,26.0734,-97.2086,33.02,74,20,5.14,US,2024-08-27 19:52:23
508,myshkin,57.7897,38.4545,20.14,79,43,2.37,RU,2024-08-27 19:52:24
509,talas,38.6908,35.5538,22.37,43,40,0.51,TR,2024-08-27 19:52:26
510,bulnes,-36.7423,-72.2985,15.42,60,100,3.04,CL,2024-08-27 19:52:27
511,lorengau,-2.0226,147.2712,27.68,79,100,4.82,PG,2024-08-27 19:52:28
512,alegrete,-29.7831,-55.7919,16.56,64,0,3.45,BR,2024-08-27 19:52:29
513,vega de alatorre,20.0333,-96.6333,29.89,64,97,3.08,MX,2024-08-27 19:52:30
514,whalan,-33.7567,150.8094,19.89,43,100,4.12,AU,2024-08-27 19:52:32
515,santa terezinha,-29.9002,-50.0904,14.55,80,13,2.32,BR,2024-08-27 19:52:33
516,labrador city,52.9463,-66.9114,22.95,56,100,5.66,CA,2024-08-27 19:52:34
517,gerede,40.8008,32.1969,11.66,97,100,1.03,TR,2024-08-27 19:52:36
518,volda,62.1476,6.0741,17.37,63,100,2.57,NO,2024-08-27 19:52:37
519,isangel,-19.55,169.2667,21.42,70,21,4.46,VU,2024-08-27 19:52:38
520,new fairfield,41.4665,-73.4857,29.95,56,20,2.57,US,2024-08-27 19:49:56
521,pirenopolis,-15.8525,-48.9592,32.36,19,25,3.61,BR,2024-08-27 19:52:40
522,freetown,8.484,-13.2299,26.84,89,75,8.75,SL,2024-08-27 19:49:23
523,rongelap,11.1635,166.8941,28.56,82,100,8.72,MH,2024-08-27 19:52:43
524,kassala,15.451,36.4,25.53,76,100,1.49,SD,2024-08-27 19:52:44
525,maragogi,-9.0122,-35.2225,23.97,80,42,5.71,BR,2024-08-27 19:52:45
526,arsen'yev,44.1631,133.2733,13.58,98,0,0.85,RU,2024-08-27 19:52:47
527,naracoorte,-36.9579,140.7383,9.88,82,65,8.67,AU,2024-08-27 19:52:48
528,jaen,38.0,-3.5,29.61,30,0,2.97,ES,2024-08-27 19:52:49
529,chambas,22.1928,-78.9136,34.02,48,91,6.28,CU,2024-08-27 19:52:50
530,badiyah,22.45,58.8,33.38,42,96,2.63,OM,2024-08-27 19:52:51
531,karatuzskoye,53.6072,92.8667,14.05,70,100,3.0,RU,2024-08-27 19:52:53
532,lubao,14.9167,120.55,26.84,94,100,1.6,PH,2024-08-27 19:52:54
533,ketchikan,55.3422,-131.6461,16.3,59,0,4.12,US,2024-08-27 19:52:55
534,anda,46.4,125.3167,16.46,88,53,3.6,CN,2024-08-27 19:52:56
535,phongsali,21.6833,102.1058,17.65,99,44,0.42,LA,2024-08-27 19:52:57
536,alaghsas,17.0187,8.0168,30.03,50,100,0.53,NE,2024-08-27 19:52:59
537,abepura,-2.6333,140.5833,25.45,94,20,2.06,ID,2024-08-27 19:53:00
538,san luis de la loma,17.2706,-100.8939,31.19,64,39,3.61,MX,2024-08-27 19:53:01
539,salina cruz,16.1667,-95.2,34.48,48,56,9.84,MX,2024-08-27 19:53:02
540,tonota,-21.4833,27.4833,21.48,17,0,1.71,BW,2024-08-27 19:53:04
541,howrah,22.5892,88.3103,27.0,94,20,1.54,IN,2024-08-27 19:53:05
542,pechora,65.1472,57.2244,17.39,59,100,3.66,RU,2024-08-27 19:53:06
543,kimbe,-5.5502,150.1429,22.8,82,8,2.85,PG,2024-08-27 19:53:07
544,kingston,17.997,-76.7936,27.87,89,100,0.94,JM,2024-08-27 19:52:16
545,ataq,14.5377,46.8319,27.16,57,100,4.24,YE,2024-08-27 19:53:10
546,saldanha,-33.0117,17.9442,12.03,68,86,11.82,ZA,2024-08-27 19:53:11
547,margate,51.3813,1.3862,19.83,68,13,3.34,GB,2024-08-27 19:52:57
548,okhtyrka,50.3104,34.8988,23.19,39,91,3.46,UA,2024-08-27 19:53:13
549,san borja,-14.8167,-66.85,32.01,24,0,1.98,BO,2024-08-27 19:53:14
550,thinadhoo,0.5333,72.9333,28.39,74,100,3.43,MV,2024-08-27 19:53:15
551,kill devil hills,36.0307,-75.676,30.01,61,75,3.6,US,2024-08-27 19:49:36
552,uttar char fasson,22.2332,90.7132,27.65,84,100,3.69,BD,2024-08-27 19:53:18
553,chiknayakanhalli,13.4172,76.6228,20.72,84,99,4.45,IN,2024-08-27 19:53:19
554,daru,-9.0763,143.2092,24.71,83,81,7.01,PG,2024-08-27 19:50:41
555,naha,26.2125,127.6811,30.16,85,20,9.26,JP,2024-08-27 19:49:29
556,derzhavinsk,51.1,66.3167,16.96,58,100,4.23,KZ,2024-08-27 19:53:23
557,ixtapa,20.7,-105.2,33.46,66,75,3.09,MX,2024-08-27 19:53:24
558,minot,48.2325,-101.2963,22.23,49,0,3.97,US,2024-08-27 19:53:25
559,manali,13.1667,80.2667,30.05,77,100,0.45,IN,2024-08-27 19:53:26
560,qulsary,46.9531,54.0198,24.25,31,0,6.57,KZ,2024-08-27 19:53:27
561,surgut,61.25,73.4167,13.1,100,0,2.0,RU,2024-08-27 19:53:29
562,qamdo,31.1667,97.2333,7.86,71,6,0.6,CN,2024-08-27 19:53:30
563,waingapu,-9.6567,120.2641,23.25,88,94,2.29,ID,2024-08-27 19:53:31
564,ust'-kulom,61.6864,53.6902,13.97,77,90,2.09,RU,2024-08-27 19:53:32
565,savannakhet,16.566,104.751,24.67,90,27,1.5,LA,2024-08-27 19:53:33
566,buala,-8.145,159.5921,25.44,84,82,2.22,SB,2024-08-27 19:53:35
567,shakiso,5.75,38.9167,16.7,84,95,1.64,ET,2024-08-27 19:53:36
568,mul,20.0667,79.6667,24.34,90,98,2.05,IN,2024-08-27 19:53:37
569,dan khun thot,15.2085,101.7714,25.81,83,100,1.93,TH,2024-08-27 19:53:38
570,maintirano,-18.0667,44.0167,23.86,76,0,1.54,MG,2024-08-27 19:53:39
571,krasnokholm,51.5979,54.1567,16.9,65,0,2.7,RU,2024-08-27 19:53:40
572,itapecuru mirim,-3.3925,-44.3586,32.41,48,85,2.82,BR,2024-08-27 19:53:42
573,whangarei,-35.7317,174.3239,10.91,96,99,1.16,NZ,2024-08-27 19:53:43
574,ilhabela,-23.7781,-45.3581,17.08,66,14,1.43,BR,2024-08-27 19:53:44
575,napanee,44.2501,-76.9494,28.65,44,13,5.21,CA,2024-08-27 19:53:45
576,hotan,37.0997,79.9269,24.96,39,100,1.9,CN,2024-08-27 19:53:46
577,awjilah,29.1081,21.2869,33.47,25,73,6.01,LY,2024-08-27 19:53:48
